{
  "providers": {
    "awscloudformation": {
      "AuthRoleName": "amplify-authcra-devi-133830-authRole",
      "UnauthRoleArn": "arn:aws:iam::307568163354:role/amplify-authcra-devi-133830-unauthRole",
      "AuthRoleArn": "arn:aws:iam::307568163354:role/amplify-authcra-devi-133830-authRole",
      "Region": "us-east-2",
      "DeploymentBucketName": "amplify-authcra-devi-133830-deployment",
      "UnauthRoleName": "amplify-authcra-devi-133830-unauthRole",
      "StackName": "amplify-authcra-devi-133830",
      "StackId": "arn:aws:cloudformation:us-east-2:307568163354:stack/amplify-authcra-devi-133830/72253180-67e3-11ec-97e7-06188240028e",
      "AmplifyAppId": "dtgguekqbpk7r"
    }
  },
  "auth": {
    "createreactappauthamplify": {
      "service": "Cognito",
      "providerPlugin": "awscloudformation",
      "dependsOn": [],
      "customAuth": false,
      "frontendAuthConfig": {
        "socialProviders": [],
        "usernameAttributes": [
          "EMAIL"
        ],
        "signupAttributes": [
          "EMAIL"
        ],
        "passwordProtectionSettings": {
          "passwordPolicyMinLength": 8,
          "passwordPolicyCharacters": [
            "REQUIRES_LOWERCASE",
            "REQUIRES_NUMBERS",
            "REQUIRES_SYMBOLS",
            "REQUIRES_UPPERCASE"
          ]
        },
        "mfaConfiguration": "OFF",
        "mfaTypes": [
          "SMS"
        ],
        "verificationMechanisms": [
          "EMAIL"
        ]
      },
      "output": {
        "CreatedSNSRole": "arn:aws:iam::307568163354:role/sns1a8e2125133830-devi",
        "UserPoolId": "us-east-2_RRRMgK736",
        "AppClientIDWeb": "6vi9ishbk092dil93fgof6asbd",
        "AppClientID": "6homgtsf5as1t0d9mc1fvjg2nl",
        "IdentityPoolId": "us-east-2:056cddeb-07ee-426b-b428-979fa7157753",
        "UserPoolArn": "arn:aws:cognito-idp:us-east-2:307568163354:userpool/us-east-2_RRRMgK736",
        "IdentityPoolName": "testAuthIdentityPool__devi",
        "UserPoolName": "createreactappauthamplify"
      },
      "lastPushTimeStamp": "2021-12-30T14:40:06.052Z",
      "providerMetadata": {
        "s3TemplateURL": "https://s3.amazonaws.com/amplify-authcra-devi-133830-deployment/amplify-cfn-templates/auth/createreactappauthamplify-cloudformation-template.json",
        "logicalId": "authcreatereactappauthamplify"
      },
      "lastPushDirHash": "IkG5JwvXn6OPcnPv2i5dLM3c4yA="
    }
  },
  "function": {
    "createreactappautham569336e0": {
      "build": true,
      "providerPlugin": "awscloudformation",
      "service": "Lambda",
      "output": {
        "Region": "us-east-2",
        "Arn": "arn:aws:lambda:us-east-2:307568163354:function:createreactappautham569336e0-devi",
        "Name": "createreactappautham569336e0-devi",
        "LambdaExecutionRole": "createreactappauthamLambdaRole77608207-devi"
      },
      "lastPushTimeStamp": "2021-12-30T14:40:06.038Z",
      "providerMetadata": {
        "s3TemplateURL": "https://s3.amazonaws.com/amplify-authcra-devi-133830-deployment/amplify-cfn-templates/function/createreactappautham569336e0-cloudformation-template.json",
        "logicalId": "functioncreatereactappautham569336e0"
      },
      "s3Bucket": {
        "deploymentBucketName": "amplify-authcra-devi-133830-deployment",
        "s3Key": "amplify-builds/createreactappautham569336e0-303955734c465a344f30-build.zip"
      }
    }
  },
  "api": {
    "api8b2dbebb": {
      "service": "API Gateway",
      "providerPlugin": "awscloudformation",
      "dependsOn": [
        {
          "category": "function",
          "resourceName": "createreactappautham569336e0",
          "attributes": [
            "Name",
            "Arn"
          ]
        }
      ],
      "output": {
        "ApiName": "api8b2dbebb",
        "RootUrl": "https://zlmxumtllh.execute-api.us-east-2.amazonaws.com/devi",
        "ApiId": "zlmxumtllh"
      },
      "lastPushTimeStamp": "2021-12-30T14:40:06.040Z",
      "providerMetadata": {
        "s3TemplateURL": "https://s3.amazonaws.com/amplify-authcra-devi-133830-deployment/amplify-cfn-templates/api/api8b2dbebb-cloudformation-template.json",
        "logicalId": "apiapi8b2dbebb"
      }
    }
  },
  "storage": {
    "s3a992a8e4": {
      "service": "S3",
      "providerPlugin": "awscloudformation",
      "dependsOn": [
        {
          "category": "function",
          "resourceName": "createreactappautham569336e0",
          "attributes": [
            "Name",
            "Arn",
            "LambdaExecutionRole"
          ]
        }
      ],
      "output": {
        "BucketName": "createreactappautham774c4af455b14a6da80642ef720133830-devi",
        "Region": "us-east-2"
      },
      "lastPushTimeStamp": "2021-12-30T14:40:06.052Z",
      "providerMetadata": {
        "s3TemplateURL": "https://s3.amazonaws.com/amplify-authcra-devi-133830-deployment/amplify-cfn-templates/storage/cloudformation-template.json",
        "logicalId": "storages3a992a8e4"
      },
      "lastPushDirHash": "bBOJSG3OW+6btFetg57C+VZGf9c="
    }
  }
}